City_ID,City,Country,Lat,Lng,Max Temp,Humidity,Cloudiness,Wind Speed,Current Description
0,Rikitea,PF,-23.1203,-134.9692,79.0,72,1,17.92,light rain
1,Arraial Do Cabo,BR,-22.9661,-42.0278,78.8,83,0,11.5,clear sky
2,Jinchang,CN,38.4953,102.1739,47.73,16,82,6.29,broken clouds
3,Port Lincoln,AU,-34.7333,135.8667,65.08,59,33,9.66,scattered clouds
4,Harper,LR,4.375,-7.7169,78.3,90,1,7.07,clear sky
5,Atuona,PF,-9.8,-139.0333,80.92,75,27,19.3,scattered clouds
6,Cayenne,GF,4.9333,-52.3333,81.0,89,40,6.91,scattered clouds
7,Pouebo,NC,-20.4,164.5667,84.63,60,23,8.95,few clouds
8,Ashland,US,40.8167,-82.2665,55.4,67,40,8.05,scattered clouds
9,Burns Lake,CA,54.2331,-125.7533,41.0,56,100,6.91,overcast clouds
10,Nueva Loja,EC,0.0847,-76.8828,86.0,66,40,2.3,scattered clouds
11,Karpathos,GR,35.507,27.2132,53.6,50,12,13.8,few clouds
12,Meulaboh,ID,4.1363,96.1285,76.14,84,98,2.64,overcast clouds
13,Port Hardy,CA,50.6996,-127.4199,46.4,81,90,9.22,overcast clouds
14,Thompson,CA,55.7435,-97.8558,24.8,80,90,14.97,snow
15,Albany,US,42.6001,-73.9662,54.0,54,90,29.93,overcast clouds
16,Butaritari,KI,3.0707,172.7902,81.77,76,29,13.06,scattered clouds
17,Chuy,UY,-33.6971,-53.4616,67.78,94,100,5.79,overcast clouds
18,Moldava Nad Bodvou,SK,48.6143,20.9996,37.4,75,0,3.44,clear sky
19,Port Elizabeth,ZA,-33.918,25.5701,68.0,68,0,19.57,clear sky
20,Bluff,NZ,-46.6,168.3333,62.01,74,100,5.01,light rain
21,Ushuaia,AR,-54.8,-68.3,50.0,62,75,5.75,broken clouds
22,Castro,BR,-24.7911,-50.0119,64.76,92,59,3.09,broken clouds
23,Lavrentiya,RU,65.5833,-171.0,3.74,78,100,7.2,overcast clouds
24,Hermanus,ZA,-34.4187,19.2345,62.01,93,42,11.56,light rain
25,Kapaa,US,22.0752,-159.319,80.01,73,1,10.36,light rain
26,New Norfolk,AU,-42.7826,147.0587,59.0,87,100,1.99,overcast clouds
27,Dali,CN,25.7,100.1833,49.3,55,0,4.47,clear sky
28,Port Alfred,ZA,-33.5906,26.891,69.37,84,86,24.2,overcast clouds
29,Erenhot,CN,43.6475,111.9767,45.61,22,1,20.11,clear sky
30,General Roca,AR,-39.0333,-67.5833,66.2,48,0,2.3,clear sky
31,Georgetown,MY,5.4112,100.3354,78.01,100,40,2.15,mist
32,Dicabisagan,PH,17.0818,122.4157,79.0,81,81,1.54,broken clouds
33,Limon,CR,10.0,-83.0333,82.4,78,75,16.11,broken clouds
34,Punta Arenas,CL,-53.15,-70.9167,51.8,62,75,11.5,broken clouds
35,Buta,CD,2.7858,24.73,67.62,93,100,1.61,overcast clouds
36,Tugulym,RU,57.0591,64.6425,30.2,69,0,8.95,clear sky
37,Nikolskoye,RU,59.7035,30.7861,34.0,93,40,2.46,mist
38,Caravelas,BR,-17.7125,-39.2481,75.92,78,0,5.44,clear sky
39,Hirado,JP,33.3597,129.5531,57.2,88,40,10.36,scattered clouds
40,Khatanga,RU,71.9667,102.5,-11.4,97,92,2.59,overcast clouds
41,Mataura,NZ,-46.1927,168.8643,62.01,74,100,5.01,light rain
42,Kruisfontein,ZA,-34.0033,24.7314,64.99,71,13,1.99,few clouds
43,Dingle,PH,10.9995,122.6711,81.03,77,79,9.6,broken clouds
44,Comodoro Rivadavia,AR,-45.8667,-67.5,57.2,88,0,4.61,clear sky
45,Kavieng,PG,-2.5744,150.7967,83.28,73,99,10.18,light rain
46,Dwarka,IN,22.2394,68.9678,77.36,73,2,11.99,clear sky
47,Narsaq,GL,60.9167,-46.05,5.0,56,0,8.05,clear sky
48,Maltahohe,NA,-24.8333,16.9833,61.86,40,0,7.87,clear sky
49,Paamiut,GL,61.994,-49.6678,-6.99,81,49,18.37,scattered clouds
50,El Sauzal,MX,31.9,-116.6833,55.94,65,55,10.18,broken clouds
51,Sao Filipe,CV,14.8961,-24.4956,70.52,75,12,18.19,few clouds
52,San Patricio,US,28.017,-97.5169,80.6,61,1,13.8,clear sky
53,Xiongyue,CN,40.1774,122.1228,45.5,72,100,10.85,overcast clouds
54,Alofi,NU,-19.0595,-169.9187,84.2,79,54,17.27,light rain
55,Kyra,RU,49.5776,111.9753,31.78,54,100,5.5,overcast clouds
56,Bredasdorp,ZA,-34.5322,20.0403,64.4,77,9,8.05,clear sky
57,Hilo,US,19.7297,-155.09,80.6,61,90,12.66,overcast clouds
58,Sibolga,ID,1.7427,98.7792,77.05,88,100,3.94,overcast clouds
59,Busselton,AU,-33.65,115.3333,62.85,72,83,5.59,broken clouds
60,Aginskoye,RU,51.1,114.53,29.55,81,100,6.73,overcast clouds
61,Barrow,US,71.2906,-156.7887,-9.4,70,1,3.44,clear sky
62,Kloulklubed,PW,7.0419,134.2556,77.0,100,90,10.36,heavy intensity rain
63,Lata,PT,40.1629,-8.3327,53.01,89,3,1.99,clear sky
64,Airai,TL,-8.9266,125.4092,67.68,76,95,2.21,overcast clouds
65,Adrar,MR,20.5022,-10.0711,73.76,7,0,9.22,clear sky
66,Mogoytuy,RU,51.2833,114.9167,28.6,91,100,7.61,overcast clouds
67,Hay River,CA,60.8156,-115.7999,21.2,45,15,5.75,few clouds
68,Vila Franca Do Campo,PT,37.7167,-25.4333,55.4,76,20,6.91,few clouds
69,Hobart,AU,-42.8794,147.3294,59.0,82,75,5.75,broken clouds
70,Forquilhinha,BR,-28.7475,-49.4722,71.13,97,82,2.66,light rain
71,Saskylakh,RU,71.9167,114.0833,3.04,96,99,3.0,overcast clouds
72,Broome,US,42.2506,-75.833,46.4,71,90,16.11,overcast clouds
73,Ponta Do Sol,PT,32.6667,-17.1,64.4,94,40,10.36,scattered clouds
74,Vila,PT,42.0304,-8.1588,46.0,85,90,5.99,overcast clouds
75,Misratah,LY,32.3754,15.0925,56.79,63,0,2.91,clear sky
76,Mahebourg,MU,-20.4081,57.7,77.0,83,20,2.3,few clouds
77,Bardiyah,LY,31.7561,25.0865,52.3,59,4,8.03,clear sky
78,Naryan-Mar,RU,67.6713,53.087,17.69,88,49,11.52,scattered clouds
79,Yerbogachen,RU,61.2767,108.0108,6.76,96,87,4.61,overcast clouds
80,Vaini,TO,-21.2,-175.2,84.2,74,40,10.36,light rain
81,Gat,IL,31.61,34.7642,53.01,100,99,8.99,overcast clouds
82,Cidreira,BR,-30.1811,-50.2056,70.66,89,99,2.68,overcast clouds
83,Torbay,CA,47.6666,-52.7314,45.0,93,90,14.97,overcast clouds
84,Dikson,RU,73.5069,80.5464,-13.72,100,100,10.0,overcast clouds
85,Cherskiy,RU,68.75,161.3,-5.73,89,92,8.55,overcast clouds
86,Bengkulu,ID,-3.8004,102.2655,76.68,89,99,4.12,overcast clouds
87,Raymondville,US,26.4815,-97.7831,84.2,51,1,9.22,clear sky
88,Hobyo,SO,5.3505,48.5268,79.16,69,12,11.41,few clouds
89,Mosjoen,NO,65.836,13.1908,46.4,57,100,23.02,overcast clouds
90,Ossora,RU,59.2353,163.0719,9.59,83,15,3.58,few clouds
91,Hithadhoo,MV,-0.6,73.0833,82.42,71,65,7.23,broken clouds
92,Petropavlovsk-Kamchatskiy,RU,53.0452,158.6483,21.2,53,100,4.47,overcast clouds
93,Half Moon Bay,US,37.4636,-122.4286,69.8,36,1,13.8,clear sky
94,Bonfim,BR,3.0833,-59.95,83.21,62,99,9.51,overcast clouds
95,Esperance,AU,-33.8667,121.9,57.2,88,0,12.66,clear sky
96,East London,ZA,-33.0153,27.9116,68.97,85,63,17.58,broken clouds
97,Nioki,CD,-2.7167,17.6833,70.32,98,100,1.79,light rain
98,San Cristobal,VE,7.7669,-72.225,71.6,100,75,2.3,fog
99,Portland,US,45.5234,-122.6762,57.0,47,75,3.44,broken clouds
100,Solone,UA,48.2081,34.8721,33.8,80,0,4.47,clear sky
101,Cape Town,ZA,-33.9258,18.4232,63.0,94,75,9.22,light rain
102,Mogadishu,SO,2.0371,45.3438,79.38,72,86,18.3,overcast clouds
103,Bima,ID,-8.4667,118.7167,81.36,86,91,4.07,overcast clouds
104,Sena Madureira,BR,-9.0656,-68.6569,74.37,94,94,2.33,light rain
105,Kuytun,RU,54.3419,101.5036,22.12,92,96,10.2,overcast clouds
106,Platanos,GR,37.6667,21.6167,42.8,81,40,4.61,scattered clouds
107,Bethel,US,41.3712,-73.414,71.6,35,1,16.11,clear sky
108,Cheremukhovo,RU,60.3484,59.9851,21.76,92,36,6.15,scattered clouds
109,Grindavik,IS,63.8424,-22.4338,17.6,67,40,10.36,scattered clouds
110,Tarko-Sale,RU,64.9225,77.785,2.17,94,26,9.8,scattered clouds
111,Estelle,US,29.8458,-90.1067,80.6,83,75,13.8,broken clouds
112,Avarua,CK,-21.2078,-159.775,84.2,70,40,13.8,scattered clouds
113,Huilong,CN,31.8111,121.655,63.0,95,99,4.0,light rain
114,Tazmalt,DZ,36.3868,4.3989,59.31,37,98,6.31,overcast clouds
115,Chokurdakh,RU,70.6333,147.9167,-16.28,96,83,5.48,broken clouds
116,Buala,SB,-8.145,159.5921,85.35,72,32,11.41,light rain
117,Klaksvik,FO,62.2266,-6.589,39.2,45,20,19.57,few clouds
118,Talnakh,RU,69.4865,88.3972,15.67,94,100,9.48,light snow
119,Krasnyy Klyuch,RU,55.3863,56.6529,32.61,96,100,5.1,overcast clouds
120,Nhulunbuy,AU,-12.2333,136.7667,84.2,84,40,4.61,scattered clouds
121,San Vicente,AR,-26.6167,-54.1333,71.85,68,98,2.59,overcast clouds
122,Aktas,KZ,49.7789,72.9608,33.8,93,90,20.13,overcast clouds
123,Saint-Philippe,RE,-21.3585,55.7679,77.0,73,0,5.75,clear sky
124,Constancia,MX,24.2231,-107.1869,78.01,57,24,5.99,few clouds
125,Aquiraz,BR,-3.9014,-38.3911,77.0,88,75,2.3,broken clouds
126,Alim,PH,9.5649,122.4876,82.27,69,87,9.82,overcast clouds
127,Ostrovnoy,RU,68.0531,39.5131,21.25,89,38,19.04,scattered clouds
128,Bambous Virieux,MU,-20.3428,57.7575,77.0,83,20,2.3,few clouds
129,Husavik,IS,66.0449,-17.3389,17.6,62,75,4.61,light snow
130,Kodiak,US,57.79,-152.4072,37.4,48,90,8.05,overcast clouds
131,Ribeira Grande,PT,38.5167,-28.7,57.72,60,26,5.79,scattered clouds
132,Vallenar,CL,-28.5708,-70.7581,70.74,45,0,3.24,clear sky
133,Puerto Ayora,EC,-0.7393,-90.3518,82.4,74,20,9.22,few clouds
134,Pevek,RU,69.7008,170.3133,-20.0,93,82,5.1,broken clouds
135,The Valley,AI,18.217,-63.0578,78.8,73,20,12.66,few clouds
136,Hasaki,JP,35.7333,140.8333,54.0,57,20,3.44,few clouds
137,Sydney,AU,-33.8679,151.2073,73.99,56,0,9.22,clear sky
138,Carauari,BR,-4.8828,-66.8958,74.73,95,96,1.3,overcast clouds
139,Perugia,IT,43.05,12.55,52.0,82,75,4.61,broken clouds
140,Bilibino,RU,68.0546,166.4372,-10.25,90,95,1.72,overcast clouds
141,Lagoa,PT,39.05,-27.9833,56.79,61,48,7.74,scattered clouds
142,Badnawar,IN,23.0167,75.2167,68.0,37,0,3.44,clear sky
143,Srednekolymsk,RU,67.45,153.6833,-1.37,80,41,4.59,scattered clouds
144,Tasiilaq,GL,65.6145,-37.6368,6.8,51,75,10.36,broken clouds
145,Purepero,MX,19.9167,-102.0167,78.8,31,75,6.91,broken clouds
146,Cornwall,CA,45.0181,-74.7281,41.0,87,90,12.66,overcast clouds
147,Vila Velha,BR,-20.3297,-40.2925,78.8,78,0,5.75,clear sky
148,Atasu,KZ,48.6814,71.6433,34.07,99,100,9.82,overcast clouds
149,Hays,US,30.0502,-98.0336,84.2,30,1,13.8,clear sky
150,Alice Springs,AU,-23.7,133.8833,87.01,64,33,9.62,scattered clouds
151,Los Llanos De Aridane,ES,28.6585,-17.9182,69.8,49,90,3.44,overcast clouds
152,Fortuna,US,40.5982,-124.1573,57.0,62,1,16.11,clear sky
153,Kaitangata,NZ,-46.2817,169.8464,64.0,70,91,3.0,overcast clouds
154,Tuktoyaktuk,CA,69.4541,-133.0374,-7.6,77,40,6.91,scattered clouds
155,Zhezkazgan,KZ,47.8043,67.7144,34.16,96,100,4.81,overcast clouds
156,Oktyabrskoye,RU,43.0645,44.7417,39.2,81,97,6.71,overcast clouds
157,Luba,GQ,3.4568,8.5547,78.8,100,20,3.44,light rain
158,Camocim,BR,-2.9022,-40.8411,74.97,89,94,7.05,overcast clouds
159,Flinders,AU,-34.5833,150.8552,75.99,60,6,5.01,clear sky
160,Roma,US,43.2128,-75.4557,43.0,87,90,18.41,mist
161,La Ronge,CA,55.1001,-105.2842,23.0,63,100,6.91,overcast clouds
162,Nassau,US,40.7507,-73.5829,73.4,31,1,28.77,clear sky
163,Elbrus,RU,43.2577,42.6443,11.07,78,27,1.97,scattered clouds
164,Beckley,US,37.7782,-81.1882,68.0,37,1,6.91,clear sky
165,Inta,RU,66.0317,60.1659,14.56,95,100,10.07,light snow
166,Victoria,HK,22.2855,114.1577,73.0,87,100,10.45,overcast clouds
167,Santa Cruz De La Palma,ES,28.6835,-17.7642,69.8,49,90,3.44,overcast clouds
168,Lasa,IT,46.6166,10.7002,50.0,87,0,2.42,clear sky
169,Rapid Valley,US,44.0625,-103.1463,43.0,65,90,17.27,overcast clouds
170,Boguchany,RU,58.3814,97.4531,17.53,96,93,3.49,light snow
171,Geraldton,AU,-28.7667,114.6,59.0,88,2,11.5,clear sky
172,Francistown,BW,-21.17,27.5079,66.49,37,2,3.38,clear sky
173,Carnarvon,AU,-24.8667,113.6333,73.4,73,100,10.36,overcast clouds
174,Ler,SS,8.3018,30.1418,85.53,44,99,7.45,overcast clouds
175,Tuatapere,NZ,-46.1333,167.6833,62.01,74,100,5.01,light rain
176,Sinnamary,GF,5.3833,-52.95,77.86,83,30,10.6,scattered clouds
177,Mar Del Plata,AR,-38.0023,-57.5575,64.99,88,90,28.77,mist
178,Hamilton,US,39.1834,-84.5333,55.99,71,75,8.05,broken clouds
179,Vao,NC,-22.6667,167.4833,78.3,74,16,13.02,few clouds
180,Sarangani,PH,5.4033,125.4636,81.37,75,100,3.78,overcast clouds
181,Westport,US,41.1415,-73.3579,71.6,33,1,20.71,haze
182,Riberalta,BO,-10.9833,-66.1,77.0,94,75,2.3,broken clouds
183,Qaqortoq,GL,60.7167,-46.0333,5.0,56,0,8.05,clear sky
184,Deputatskiy,RU,69.3,139.9,0.21,70,100,0.67,overcast clouds
185,Longyearbyen,SJ,78.2186,15.6401,17.6,73,20,24.16,few clouds
186,Jamestown,US,42.097,-79.2353,43.0,93,90,12.3,overcast clouds
187,Tiznit,MA,29.5833,-9.5,70.2,13,91,24.38,overcast clouds
188,Cap Malheureux,MU,-19.9842,57.6142,75.0,86,18,1.88,few clouds
189,Manggar,ID,-2.8833,108.2667,78.98,83,100,1.1,overcast clouds
190,Shenjiamen,CN,29.9576,122.298,57.72,98,88,16.46,light rain
191,Korla,CN,41.7597,86.1469,53.73,32,100,6.67,overcast clouds
192,Veraval,IN,20.9,70.3667,79.18,43,1,11.3,clear sky
193,Okhotsk,RU,59.3833,143.3,3.72,84,37,6.11,scattered clouds
194,Cervo,ES,43.6702,-7.4101,36.0,99,72,1.01,broken clouds
195,Qasigiannguit,GL,68.8193,-51.1922,-11.2,44,10,8.05,clear sky
196,Arkadak,RU,51.9326,43.4978,33.37,98,100,7.76,overcast clouds
197,Ojinaga,MX,29.5667,-104.4167,86.0,3,1,11.5,clear sky
198,Tomatlan,MX,19.9333,-105.25,80.49,36,96,10.33,overcast clouds
199,Hualmay,PE,-11.0964,-77.6139,70.59,80,46,7.83,scattered clouds
200,Clyde River,CA,70.4692,-68.5914,-14.8,70,75,5.35,broken clouds
201,Araouane,ML,18.9048,-3.5265,72.3,6,0,11.05,clear sky
202,Mackenzie,CA,55.2999,-123.1698,39.2,60,90,6.91,overcast clouds
203,Sao Joao Da Barra,BR,-21.6403,-41.0511,76.77,85,18,9.08,few clouds
204,Yellowknife,CA,62.456,-114.3525,16.0,67,20,11.5,few clouds
205,Nouadhibou,MR,20.931,-17.0347,64.4,88,20,14.97,few clouds
206,Rorvik,NO,64.8621,11.2373,42.93,70,99,24.36,overcast clouds
207,Smolenskaya,RU,44.7887,38.8018,37.99,100,0,4.47,clear sky
208,Ixtapa,MX,20.7,-105.2,75.2,64,40,13.8,scattered clouds
209,Lebu,CL,-37.6167,-73.65,55.8,77,0,19.98,clear sky
210,Ulverstone,AU,-41.15,146.1667,61.0,69,94,5.01,overcast clouds
211,Kachug,RU,53.9606,105.8817,22.69,93,100,4.27,overcast clouds
212,Puri,IN,19.8,85.85,78.8,94,75,9.95,mist
213,Kodinar,IN,20.7903,70.7031,79.3,34,1,7.49,clear sky
214,Guerrero Negro,MX,27.9769,-114.0611,61.86,53,0,17.31,clear sky
215,Kahului,US,20.8947,-156.47,84.2,61,40,17.27,scattered clouds
216,Sobolevo,RU,54.4299,31.8996,32.9,98,100,3.06,overcast clouds
217,Pacific Grove,US,36.6177,-121.9166,69.8,30,1,8.05,clear sky
218,Banda Aceh,ID,5.5577,95.3222,78.89,82,100,10.42,light rain
219,Vicente Guerrero,MX,19.1194,-98.1708,78.8,15,20,11.5,few clouds
220,Livingston,GB,55.9029,-3.5226,37.4,81,20,11.5,few clouds
221,Sulangan,PH,11.1373,123.7228,81.27,77,81,10.85,broken clouds
222,Aklavik,CA,68.2191,-135.0107,-0.4,65,92,9.22,overcast clouds
223,Okha,RU,53.5739,142.9478,18.84,85,57,6.87,broken clouds
224,Arona,ES,28.0996,-16.681,66.99,77,20,13.8,few clouds
225,Cabinda,AO,-5.55,12.2,77.72,83,100,4.21,overcast clouds
226,Sisophon,KH,13.5859,102.9737,81.59,71,100,6.29,overcast clouds
227,Lubango,AO,-14.9172,13.4925,60.19,93,100,2.17,overcast clouds
228,Boende,CD,-0.2167,20.8667,68.68,98,98,0.92,overcast clouds
229,Sorland,NO,67.667,12.6934,40.68,78,100,21.3,overcast clouds
230,Tecoh,MX,20.75,-89.4667,95.0,29,75,18.41,broken clouds
231,Tam Ky,VN,15.5667,108.4833,75.2,94,75,2.3,mist
232,Manavalakurichi,IN,8.1333,77.3,82.4,78,40,7.18,mist
233,Tiarei,PF,-17.5333,-149.3333,82.4,69,40,11.5,light rain
234,Beloha,MG,-25.1667,45.05,71.85,85,1,5.35,clear sky
235,Ancud,CL,-41.8697,-73.8203,55.4,76,0,5.75,clear sky
236,Nalut,LY,30.3333,10.85,54.03,29,0,9.91,clear sky
237,Port Blair,IN,11.6667,92.75,82.27,72,92,9.04,overcast clouds
238,Camopi,GF,3.1655,-52.3158,71.51,99,36,2.59,scattered clouds
239,Konevo,RU,62.1215,39.3192,30.78,91,100,1.25,overcast clouds
240,Santa Cruz Del Norte,CU,23.1539,-81.9236,84.2,54,20,16.11,few clouds
241,Pushchino,RU,54.8339,37.6264,37.4,81,20,6.71,light snow
242,Necochea,AR,-38.5473,-58.7368,62.01,86,100,8.01,overcast clouds
243,Aranos,NA,-24.1333,19.1167,68.41,39,3,16.46,clear sky
244,Te Anau,NZ,-45.4167,167.7167,64.67,55,100,4.68,overcast clouds
245,Shahr-E Babak,IR,30.1165,55.1186,60.84,31,3,8.5,clear sky
246,Saint-Francois,FR,46.4154,3.9054,51.8,71,75,14.97,broken clouds
247,Pisco,PE,-13.7,-76.2167,70.0,73,0,23.02,clear sky
248,Xingyi,CN,24.1877,102.817,56.53,49,6,2.84,clear sky
249,Lorengau,PG,-2.0226,147.2712,83.28,75,100,4.47,moderate rain
250,Skibbereen,IE,51.55,-9.2667,35.6,93,40,18.41,scattered clouds
251,Hami,CN,42.8,93.45,52.99,38,61,7.76,broken clouds
252,Quang Ngai,VN,15.1167,108.8,74.97,85,96,4.54,overcast clouds
253,Ozernovskiy,RU,51.5,156.5167,27.41,85,100,17.49,overcast clouds
254,Itoman,JP,26.1247,127.6694,73.4,68,75,14.97,broken clouds
255,Mantua,IT,45.1667,10.7833,51.01,80,100,3.0,overcast clouds
256,Vanavara,RU,60.34,102.2797,5.18,98,79,3.8,broken clouds
257,Salalah,OM,17.0151,54.0924,75.2,27,0,3.44,clear sky
258,Morehead,US,37.2711,-87.1764,64.4,48,1,8.05,clear sky
259,Burnie,AU,-41.0667,145.9167,61.0,69,83,5.01,broken clouds
260,Kichha,IN,28.9167,79.5,63.59,25,0,1.92,clear sky
261,Sao Domingos,BR,-13.3983,-46.3183,72.68,54,32,2.93,scattered clouds
262,Monywa,MM,22.1167,95.1333,77.76,20,6,6.6,clear sky
263,Provideniya,RU,64.3833,-173.3,7.0,87,100,12.46,overcast clouds
264,Rawson,AR,-43.3002,-65.1023,60.3,63,1,7.25,clear sky
265,Inuvik,CA,68.3499,-133.7218,-0.4,65,90,9.22,overcast clouds
266,Shimanovsk,RU,52.0,127.7,31.15,90,100,8.12,light snow
267,Fuerte Olimpo,PY,-21.0415,-57.8738,80.83,44,42,5.12,scattered clouds
268,Luanda,AO,-8.8368,13.2343,78.8,83,75,3.44,broken clouds
269,Richards Bay,ZA,-28.783,32.0377,67.39,90,42,4.74,scattered clouds
270,Iqaluit,CA,63.7506,-68.5145,-16.01,63,20,8.05,few clouds
271,Upernavik,GL,72.7868,-56.1549,-33.0,83,6,4.61,clear sky
272,Slobodskoy,RU,58.7322,50.1772,30.47,94,99,5.57,overcast clouds
273,Youhao,CN,47.8667,128.8333,36.63,92,100,4.14,overcast clouds
274,Zheleznodorozhnyy,RU,55.7503,38.0042,37.99,87,75,4.47,broken clouds
275,Dunedin,NZ,-45.8742,170.5036,64.99,58,71,1.99,light rain
276,Fuyang,CN,32.9,115.8167,56.41,93,99,6.58,overcast clouds
277,Cockburn Town,TC,21.4612,-71.1419,78.8,69,40,13.8,scattered clouds
278,Isla Vista,US,34.4133,-119.861,63.0,51,1,12.66,clear sky
279,Qaanaaq,GL,77.484,-69.3632,-9.45,65,100,4.83,overcast clouds
280,Kampong Thum,KH,12.7111,104.8887,81.64,62,77,6.64,broken clouds
281,Rivers,CA,50.0308,-100.2403,39.2,41,40,13.8,scattered clouds
282,Owensboro,US,37.7742,-87.1133,60.8,59,1,4.61,clear sky
283,Pulandian,CN,39.3953,121.9669,44.01,100,40,8.95,mist
284,Bereda,ES,43.2686,-7.5406,36.0,99,52,1.01,broken clouds
285,Kenai,US,60.5544,-151.2583,33.8,51,90,8.05,overcast clouds
286,Saint-Louis,SN,16.3333,-15.0,91.4,16,0,13.6,clear sky
287,Barentu,ER,15.1139,37.5928,71.67,57,27,5.88,scattered clouds
288,Niesky,DE,51.2924,14.8211,48.99,78,74,7.45,broken clouds
289,Kholm-Zhirkovskiy,RU,55.5189,33.4731,32.5,99,100,2.48,overcast clouds
290,Ponerihouen,NC,-21.0833,165.4,83.55,62,35,7.78,scattered clouds
291,Port Arthur,CN,38.8,121.2667,41.0,100,40,8.95,light rain
292,Suntar,RU,62.1444,117.6319,13.17,92,65,4.56,broken clouds
293,Nanakuli,US,21.3906,-158.1547,80.6,69,75,8.05,broken clouds
294,Guangyuan,CN,32.442,105.823,55.99,93,100,0.76,overcast clouds
295,Juigalpa,NI,12.1063,-85.3645,89.6,48,40,9.22,scattered clouds
296,Broken Hill,AU,-31.95,141.4333,66.2,68,1,12.66,clear sky
297,Madang,PG,-5.2246,145.7966,82.56,78,93,0.51,overcast clouds
298,Carmaux,FR,44.051,2.158,51.8,81,90,17.27,overcast clouds
299,Rocha,UY,-34.4833,-54.3333,65.93,97,71,5.12,broken clouds
300,Maldonado,UY,-34.6667,-54.9167,70.0,100,90,8.05,overcast clouds
301,Saldanha,ZA,-33.0117,17.9442,62.6,88,18,3.44,moderate rain
302,Karmala,IN,18.4167,75.2,79.32,16,1,4.03,clear sky
303,Faanui,PF,-16.4833,-151.75,82.89,73,8,22.15,light rain
304,Ugoofaaru,MV,5.6667,73.0,83.61,74,100,14.9,overcast clouds
305,Gizo,SB,-8.103,156.8419,85.06,68,49,6.24,scattered clouds
306,Sitka,US,57.0531,-135.33,42.8,81,90,3.44,light rain
307,Acajutla,SV,13.5928,-89.8275,89.6,40,20,4.61,few clouds
308,Khandyga,RU,62.6667,135.6,13.23,79,100,4.79,overcast clouds
309,Ocos,GT,14.5094,-92.1933,87.8,66,75,8.05,broken clouds
310,Labuhan,ID,-6.8844,112.2051,79.47,85,98,4.45,overcast clouds
311,Kununurra,AU,-15.7667,128.7333,80.6,100,50,3.44,scattered clouds
312,Coihaique,CL,-45.5752,-72.0662,57.2,67,75,5.66,broken clouds
313,Mokhsogollokh,RU,61.4681,128.9203,22.87,94,98,0.92,overcast clouds
314,Nouakchott,MR,18.0858,-15.9785,71.6,64,1,17.27,clear sky
315,Searcy,US,35.2506,-91.7363,69.8,52,1,10.36,clear sky
316,Oistins,BB,13.0667,-59.5333,78.8,61,75,18.41,broken clouds
317,Komsomolskiy,UZ,40.4272,71.7189,51.8,87,100,4.61,overcast clouds
318,Innisfail,AU,-17.5333,146.0333,81.63,79,65,7.38,broken clouds
319,Ahipara,NZ,-35.1667,173.1667,70.09,73,88,15.37,overcast clouds
320,Tessalit,ML,20.1986,1.0114,72.37,12,0,20.6,clear sky
321,Codrington,AU,-38.2667,141.9667,62.15,63,53,13.85,broken clouds
322,Severo-Kurilsk,RU,50.6789,156.125,26.15,94,100,21.23,snow
323,Gillette,US,44.2911,-105.5022,39.99,70,75,9.22,broken clouds
324,Ziro,IN,27.6333,93.8333,44.33,51,0,2.86,clear sky
325,Colorado Springs,US,38.8339,-104.8214,41.0,80,90,0.22,overcast clouds
326,Caledon,ZA,-34.23,19.4265,62.01,93,14,6.67,few clouds
327,Elliot Lake,CA,46.3834,-82.6331,35.6,69,90,10.36,overcast clouds
328,Arivonimamo,MG,-19.0167,47.1833,66.2,88,75,4.61,broken clouds
329,Saint Anthony,US,45.0205,-93.218,48.2,46,1,4.61,clear sky
330,Sur,OM,22.5667,59.5289,78.12,54,95,2.93,overcast clouds
331,Wahiawa,US,21.5028,-158.0236,80.6,61,40,6.91,light rain
332,Jiayuguan,CN,39.8167,98.3,44.38,25,5,3.0,clear sky
333,Ghanzi,BW,-21.5667,21.7833,68.14,74,23,4.12,few clouds
334,Saint-Pierre,RE,-21.3393,55.4781,77.0,73,0,5.75,clear sky
335,Tevaitoa,PF,-16.7833,-151.5,82.87,73,7,22.17,light rain
336,San Policarpo,PH,12.1791,125.5072,81.07,80,79,11.99,broken clouds
337,Guarapari,BR,-20.6667,-40.4975,78.8,78,0,5.75,clear sky
338,Gamba,GA,-2.65,10.0,77.61,82,97,4.52,overcast clouds
339,Carutapera,BR,-1.195,-46.02,73.24,95,100,1.81,overcast clouds
340,Sola,VU,-13.8833,167.55,82.45,75,62,11.99,broken clouds
341,Buy,RU,58.4786,41.53,26.37,99,93,3.06,overcast clouds
342,Aykhal,RU,66.0,111.5,10.81,94,100,6.89,overcast clouds
343,La Libertad,EC,-2.2333,-80.9,78.8,78,0,13.8,clear sky
344,Arman,RU,59.7,150.1667,4.37,81,41,0.34,scattered clouds
345,Almaznyy,RU,48.0448,40.045,33.8,93,87,8.95,overcast clouds
346,Ilulissat,GL,69.2167,-51.1,-11.2,44,10,8.05,clear sky
347,Oum Hadjer,TD,13.2954,19.6966,79.12,13,51,16.46,broken clouds
348,Grand-Lahou,CI,5.1367,-5.0242,78.69,89,16,7.54,few clouds
349,Takoradi,GH,4.8845,-1.7554,79.68,86,30,6.85,scattered clouds
350,Lanzhou,CN,36.0564,103.7922,45.0,43,87,1.41,overcast clouds
351,Dolores,AR,-36.3132,-57.6792,64.53,94,89,10.85,light rain
352,Kui Buri,TH,12.0828,99.8543,82.0,78,20,3.58,few clouds
353,Avera,US,33.194,-82.5271,68.0,94,40,4.97,haze
354,Saint George,US,37.1041,-113.5841,61.0,25,40,8.05,scattered clouds
355,Garsten,AT,47.9987,14.4035,44.01,87,42,2.3,scattered clouds
356,Dustlik,UZ,40.5247,68.0358,56.7,83,13,12.84,few clouds
357,Norman Wells,CA,65.282,-126.8329,32.0,40,75,2.3,broken clouds
358,Amapa,BR,1.0,-52.0,71.33,98,32,3.09,scattered clouds
359,Freire,CL,-38.95,-72.6333,59.0,67,0,5.75,clear sky
360,Chinameca,SV,13.5,-88.35,98.6,30,0,5.75,clear sky
361,La Primavera,CO,5.4906,-70.4092,77.5,81,98,4.59,heavy intensity rain
362,Yar-Sale,RU,66.8333,70.8333,1.9,92,44,12.91,scattered clouds
363,Katsuura,JP,35.1333,140.3,55.99,54,0,8.05,clear sky
364,Fukue,JP,32.6881,128.8419,64.4,82,75,12.66,broken clouds
365,Berlevag,NO,70.8578,29.0864,32.23,89,68,28.19,broken clouds
366,Miandrivazo,MG,-19.5167,45.4667,73.72,84,3,1.86,clear sky
367,Araceli,PH,10.5529,119.9913,81.77,78,100,13.11,overcast clouds
368,Umm Lajj,SA,25.0213,37.2685,67.06,49,1,14.99,clear sky
369,Athabasca,CA,54.7169,-113.2854,35.6,60,94,8.05,overcast clouds
370,Berdigestyakh,RU,62.0989,126.6992,23.25,95,100,3.78,overcast clouds
371,Bundibugyo,UG,0.7414,30.0417,66.79,97,100,3.6,overcast clouds
372,Barra Do Bugres,BR,-15.0725,-57.1811,71.78,92,39,3.58,scattered clouds
373,Volkhovskiy,RU,58.58,31.3164,30.09,97,80,1.36,broken clouds
374,Saint-Paul,RE,-21.0096,55.2707,75.0,88,0,4.61,clear sky
375,Kondinskoye,RU,59.6481,67.41,31.23,98,100,5.35,overcast clouds
376,Cabo San Lucas,MX,22.8909,-109.9124,77.0,52,40,13.8,scattered clouds
377,Haines Junction,CA,60.7522,-137.5108,35.6,55,100,3.44,light snow
378,Neyshabur,IR,36.2133,58.7958,62.96,50,100,5.55,overcast clouds
379,Evensk,RU,61.95,159.2333,0.86,88,69,2.98,broken clouds
380,Mount Isa,AU,-20.7333,139.5,86.0,25,0,10.36,clear sky
381,Dagua,CO,3.6569,-76.6886,73.4,78,40,3.44,scattered clouds
382,Yarovoye,RU,52.9273,78.58,14.86,95,78,7.61,broken clouds
383,Mandera,KE,3.9366,41.867,82.8,23,9,10.18,clear sky
384,Knysna,ZA,-34.0363,23.0471,64.4,77,90,9.22,light rain
385,Faya,SA,18.3851,42.4509,60.8,58,0,4.61,clear sky
386,Kashi,CN,39.4547,75.9797,57.2,30,40,11.18,scattered clouds
387,Beringovskiy,RU,63.05,179.3167,3.42,84,89,12.84,overcast clouds
388,Ahuimanu,US,21.4447,-157.8378,80.6,78,40,10.36,scattered clouds
389,Verkhnyaya Inta,RU,65.9811,60.3094,14.77,95,100,10.65,light snow
390,Puerto Escondido,MX,15.85,-97.0667,84.2,79,40,5.75,scattered clouds
391,Nanortalik,GL,60.1432,-45.2371,7.47,69,27,25.14,scattered clouds
392,Urengoy,RU,65.9667,78.3667,1.45,96,50,9.64,scattered clouds
393,Kargil,IN,34.5667,76.1,23.68,47,36,3.06,scattered clouds
394,Biskamzha,RU,53.4497,89.5272,11.17,98,97,0.98,overcast clouds
395,Kusadak,RS,44.3997,20.8033,43.0,56,0,6.91,clear sky
396,Souillac,MU,-20.5167,57.5167,77.0,83,20,2.3,few clouds
397,Santiago,CL,-33.4569,-70.6483,75.2,20,0,5.75,clear sky
398,Canete,CL,-37.8,-73.4,54.32,74,1,7.36,clear sky
399,Tecoanapa,MX,16.5167,-98.75,80.26,64,14,7.09,few clouds
400,Mocuba,MZ,-16.8392,36.9856,69.37,97,2,3.49,clear sky
401,Surab,PK,28.4914,66.2585,61.05,18,0,2.66,clear sky
402,Gorin,RU,51.1983,136.6669,29.44,79,90,2.77,overcast clouds
403,Abrego,CO,8.0807,-73.2205,64.04,91,96,5.99,overcast clouds
404,Alappuzha,IN,9.49,76.3264,79.05,88,63,5.28,broken clouds
405,Port Moresby,PG,-9.4431,147.1797,84.2,79,75,6.91,broken clouds
406,Man,CI,7.4125,-7.5538,76.1,68,37,2.73,scattered clouds
407,Grand-Santi,GF,4.25,-54.3833,73.13,95,74,3.89,broken clouds
408,Denpasar,ID,-8.65,115.2167,77.0,88,20,3.44,few clouds
409,Nome,US,64.5011,-165.4064,12.99,79,90,11.5,light snow
410,Yanam,IN,16.7333,82.2167,72.0,90,22,1.14,few clouds
411,Beidao,CN,34.5686,105.8933,46.0,41,100,5.99,overcast clouds
412,Ornskoldsvik,SE,63.2909,18.7153,33.8,100,20,3.44,few clouds
413,Yangjiang,CN,21.85,111.9667,72.52,84,100,4.45,overcast clouds
414,Egvekinot,RU,66.3167,-179.1667,-5.57,80,99,7.4,overcast clouds
415,Maceio,BR,-9.6658,-35.7353,75.2,88,75,9.22,broken clouds
416,Nadym,RU,65.5333,72.5167,5.13,91,74,9.08,broken clouds
417,Kilindoni,TZ,-7.9139,39.6668,82.51,71,89,2.82,light rain
418,Bella Union,UY,-30.2752,-57.6007,69.04,95,100,4.0,overcast clouds
419,Khani,GE,41.9563,42.9566,41.0,87,90,6.91,overcast clouds
420,Henties Bay,NA,-22.116,14.2845,62.01,95,21,5.01,few clouds
421,Vyazemskiy,RU,47.5378,134.7525,36.54,74,100,6.51,moderate rain
422,Floresti,MD,47.8933,28.3014,39.34,80,38,3.15,scattered clouds
423,Pires Do Rio,BR,-17.2997,-48.2794,66.9,66,77,3.02,broken clouds
424,Lincoln,US,40.8,-96.667,54.0,68,100,4.0,overcast clouds
425,Basco,PH,20.4487,121.9702,78.06,81,26,15.9,scattered clouds
426,Namibe,AO,-15.1961,12.1522,73.02,83,87,8.43,overcast clouds
427,Bandarbeyla,SO,9.4942,50.8122,77.36,74,92,9.84,overcast clouds
428,Xunchang,CN,28.4543,104.715,57.79,75,66,2.93,broken clouds
429,Rajur,IN,20.1167,78.9167,77.58,16,0,6.62,clear sky
430,Urucara,BR,-2.5364,-57.76,74.82,94,71,2.04,broken clouds
431,Arinos,BR,-15.9169,-46.1056,72.82,54,88,2.28,overcast clouds
432,Tombouctou,ML,20.0,-3.0,72.43,5,0,11.45,clear sky
433,Nyurba,RU,63.2842,118.3319,11.12,95,67,7.05,broken clouds
434,Matara,LK,5.9485,80.5353,76.39,88,100,7.18,overcast clouds
435,Moron,AR,-34.6534,-58.6198,73.0,95,89,4.38,light rain
436,Lompoc,US,34.6391,-120.4579,62.01,63,20,14.97,few clouds
437,Marsh Harbour,BS,26.5412,-77.0636,75.92,74,34,10.29,scattered clouds
438,Alenquer,BR,-1.9417,-54.7383,77.0,94,20,4.61,few clouds
439,Nishihara,JP,26.1842,127.7558,73.4,73,40,16.11,scattered clouds
440,Gobabis,NA,-22.45,18.9667,69.64,30,88,13.4,overcast clouds
441,Margate,GB,51.3813,1.3862,41.0,81,73,4.0,broken clouds
442,Aripuana,BR,-9.1667,-60.6333,72.34,97,70,2.77,broken clouds
443,Tocopilla,CL,-22.092,-70.1979,70.27,70,22,10.27,few clouds
444,Viedma,AR,-40.8135,-62.9967,56.53,55,73,6.96,broken clouds
445,Petropavl,KZ,54.8753,69.1628,13.89,93,100,4.18,overcast clouds
446,Kapuskasing,CA,49.4169,-82.4331,24.8,58,99,8.05,overcast clouds
447,Jamui,IN,24.9167,86.2167,70.68,12,0,3.36,clear sky
448,North Bend,US,43.4065,-124.2243,60.01,71,1,20.71,clear sky
449,Nuevitas,CU,21.5453,-77.2644,80.6,61,20,20.71,few clouds
450,Luderitz,NA,-26.6481,15.1594,62.26,79,0,8.21,clear sky
451,Tadine,NC,-21.55,167.8833,81.93,67,28,10.25,scattered clouds
452,Anadyr,RU,64.75,177.4833,0.0,78,0,8.95,clear sky
453,Xuddur,SO,4.1213,43.8894,69.57,76,7,14.81,clear sky
454,Mana,GF,5.6592,-53.7767,77.47,84,22,10.56,few clouds
455,Abu Dhabi,AE,24.4667,54.3667,80.6,31,0,4.61,clear sky
456,Vardo,NO,70.3705,31.1107,33.8,69,0,14.97,clear sky
457,Curanilahue,CL,-37.4667,-73.35,53.02,68,1,7.43,clear sky
458,Oranjemund,NA,-28.55,16.4333,60.62,82,0,3.4,clear sky
459,San Juan,AR,-31.5375,-68.5364,61.38,45,21,9.28,few clouds
460,Bathsheba,BB,13.2167,-59.5167,78.8,61,75,18.41,broken clouds
461,Umea,SE,63.8284,20.2597,35.6,100,90,3.44,overcast clouds
462,Grand Gaube,MU,-20.0064,57.6608,75.0,86,17,1.63,few clouds
463,Coquimbo,CL,-29.9533,-71.3436,59.0,82,0,11.5,clear sky
464,Point Pedro,LK,9.8167,80.2333,80.98,79,99,7.49,overcast clouds
465,Naze,JP,28.3667,129.4833,68.0,64,75,16.11,broken clouds
466,Rosarito,MX,32.3333,-117.0333,60.8,63,40,12.66,scattered clouds
467,Palana,RU,59.1167,159.9667,12.25,81,89,1.25,overcast clouds
468,Laredo,US,27.5064,-99.5075,91.4,21,1,12.66,clear sky
469,Zabid,YE,14.1951,43.3152,76.28,68,19,5.97,few clouds
470,Christchurch,NZ,-43.5333,172.6333,73.0,43,71,8.05,broken clouds
471,Tsiroanomandidy,MG,-18.7667,46.0333,67.59,93,85,1.66,overcast clouds
472,Mwense,ZM,-10.3845,28.698,65.43,94,100,1.07,overcast clouds
473,Tiksi,RU,71.6872,128.8694,10.8,91,100,6.38,overcast clouds
474,Winnemucca,US,40.973,-117.7357,51.8,25,1,9.22,clear sky
475,Beira,MZ,-19.8436,34.8389,73.78,80,31,5.86,scattered clouds
476,Andros Town,BS,24.7,-77.7667,78.8,73,20,8.05,few clouds
477,Dashitou,CN,43.3067,128.5114,43.68,62,100,4.45,overcast clouds
478,Ipameri,BR,-17.7219,-48.1597,68.63,65,62,5.57,broken clouds
479,Bati,ET,11.1833,40.0167,61.81,22,0,5.97,clear sky
480,Kokopo,PG,-4.352,152.2633,85.21,63,99,5.61,overcast clouds
481,Megion,RU,61.0296,76.1136,26.6,93,0,4.47,clear sky
482,Plouzane,FR,48.3833,-4.6167,42.8,81,0,6.91,clear sky
483,Batemans Bay,AU,-35.7167,150.1833,68.0,77,16,1.01,few clouds
484,Kanigiri,IN,15.4,79.5167,74.61,74,20,2.53,few clouds
485,Ampanihy,MG,-24.7,44.75,70.39,86,0,5.73,clear sky
486,Hellvik,NO,59.9156,5.781,42.01,93,75,14.97,broken clouds
487,Barcelos,PT,41.5388,-8.6151,50.0,87,0,4.61,clear sky
488,Wenatchee,US,47.4235,-120.3103,60.8,29,1,21.85,clear sky
489,Ulladulla,AU,-35.35,150.4667,70.0,56,5,13.8,clear sky
490,Kaeo,NZ,-35.1,173.7833,69.01,79,96,11.99,light rain
491,Xuanhua,CN,40.6103,115.0447,49.48,75,0,0.96,clear sky
492,Bowen,AU,-20.0167,148.2333,84.2,74,40,10.36,scattered clouds
493,Port Keats,AU,-14.25,129.55,83.48,73,100,8.12,overcast clouds
494,Pelym,RU,61.0108,61.9978,23.58,94,11,6.24,few clouds
495,Bonavista,CA,48.6499,-53.1147,37.0,86,100,4.61,overcast clouds
496,Taltal,CL,-25.4,-70.4833,66.4,75,20,3.89,few clouds
497,Kavaratti,IN,10.5669,72.642,82.56,73,39,2.82,scattered clouds
498,Chadiza,ZM,-14.0678,32.4392,62.33,93,23,1.14,few clouds
499,Bubaque,GW,11.2833,-15.8333,76.37,75,6,16.91,clear sky
500,Cua,VE,10.1589,-66.8858,80.6,83,40,6.91,scattered clouds
501,Xichang,CN,27.8964,102.2634,50.76,73,3,1.57,clear sky
502,Hyeres,FR,43.1167,6.1167,54.0,93,0,1.41,clear sky
503,Vagay,RU,57.9375,69.0217,32.77,98,100,4.41,overcast clouds
504,Sinnar,SD,13.5691,33.5672,85.3,13,89,22.3,overcast clouds
505,Marzuq,YE,14.4,46.4667,62.55,21,44,6.15,scattered clouds
506,Paranaiba,BR,-19.6772,-51.1908,79.88,45,64,4.38,broken clouds
507,Awjilah,LY,29.1081,21.2869,52.52,40,2,10.38,clear sky
508,Morro Bay,US,35.3658,-120.8499,66.0,79,2,5.01,clear sky
509,Colares,PT,38.7992,-9.4469,55.0,76,91,11.99,overcast clouds
510,Balurghat,IN,25.2167,88.7667,69.58,14,0,2.59,clear sky
511,Santa Cruz,BO,-17.8,-63.1667,78.8,89,75,9.22,broken clouds
512,Cilegon,ID,-6.0174,106.0538,78.8,83,20,4.61,haze
513,Micheweni,TZ,-4.9667,39.8333,81.59,72,46,5.44,scattered clouds
514,Santa Maria,BR,-29.6842,-53.8069,73.4,78,20,3.44,moderate rain
515,Ratangarh,IN,28.0833,74.6,76.15,32,0,7.9,clear sky
516,Ronne,DK,55.1009,14.7066,42.8,100,54,6.91,broken clouds
517,Phan Thiet,VN,10.9333,108.1,78.19,73,73,6.78,broken clouds
518,Mouzouras,GR,35.5333,24.15,41.0,48,20,3.89,few clouds
519,Sechelt,CA,49.4664,-123.7694,51.01,77,90,3.0,overcast clouds
520,Kotka,FI,60.4664,26.9458,30.0,100,90,6.91,fog
521,Saurimo,AO,-9.6608,20.3916,64.38,99,100,3.29,light rain
522,Tabou,CI,4.423,-7.3528,78.21,91,1,6.42,clear sky
523,Sibut,CF,5.718,19.0739,67.93,91,98,3.49,overcast clouds
524,Chumikan,RU,54.7183,135.315,16.88,88,98,5.7,overcast clouds
525,Tucurui,BR,-3.7661,-49.6725,73.96,94,88,2.66,overcast clouds
526,Puerto Ayacucho,VE,5.6639,-67.6236,74.1,93,99,7.43,overcast clouds
527,Springfield,US,37.2153,-93.2982,64.99,48,1,9.22,clear sky
528,Sao Felix Do Xingu,BR,-6.6447,-51.995,72.12,97,99,1.32,light rain
529,Zhigansk,RU,66.7697,123.3711,12.15,93,100,21.52,light snow
530,Kirovskiy,RU,45.0917,133.5136,38.61,82,100,6.89,overcast clouds
531,Klyuchi,RU,52.2667,79.1667,16.93,94,89,7.34,overcast clouds
532,Huainan,CN,32.6264,116.9969,57.33,89,99,8.39,overcast clouds
533,Qiongshan,CN,20.0058,110.3542,71.6,94,75,4.47,fog
534,Leningradskiy,RU,69.3833,178.4167,-12.24,91,48,4.79,scattered clouds
535,Sawakin,SD,19.1059,37.3321,72.86,66,26,13.6,scattered clouds
536,Awash,ET,8.9833,40.1667,67.05,28,10,1.07,clear sky
537,Yablochnyy,RU,47.1661,142.0661,26.6,59,16,2.24,few clouds
538,Kambove,CD,-10.8764,26.5969,61.05,97,100,2.77,light rain
539,Tarauaca,BR,-8.1614,-70.7656,74.37,97,70,2.33,broken clouds
540,Padang,ID,-0.9492,100.3543,75.2,94,75,4.61,light rain
541,Trogir,HR,43.5125,16.2517,50.0,87,0,9.91,clear sky
542,Walvis Bay,NA,-22.9575,14.5053,62.01,94,37,2.3,scattered clouds
543,Sosnovoborsk,RU,56.1325,93.3589,26.6,74,40,8.95,scattered clouds
544,Isangel,VU,-19.55,169.2667,82.4,83,75,6.64,broken clouds
545,Eckernforde,DE,54.4667,9.8333,50.0,66,82,8.05,broken clouds
546,Grootfontein,NA,-19.5667,18.1167,66.2,88,59,3.44,broken clouds
547,Santa Cruz Cabralia,BR,-16.2781,-39.0247,78.8,73,0,8.05,clear sky
548,Wanxian,CN,30.8039,108.3897,59.83,94,100,1.83,overcast clouds
549,Ust-Omchug,RU,61.15,149.6333,-4.54,85,57,0.54,broken clouds
550,Inhambane,MZ,-23.865,35.3833,74.86,86,30,9.06,light rain
551,Shingu,JP,33.7333,135.9833,55.4,41,40,2.3,scattered clouds
552,Fairview,US,40.8126,-73.999,71.6,32,1,17.27,clear sky
553,Bafq,IR,31.6128,55.4107,71.83,23,6,9.33,clear sky
554,Teruel,ES,40.6667,-0.6667,50.0,81,0,11.5,clear sky
555,Portugalete,ES,43.321,-3.0206,53.6,71,75,3.44,broken clouds
556,Rawlins,US,41.7911,-107.2387,34.0,75,75,3.44,light snow
557,Port Augusta,AU,-32.5,137.7667,64.4,82,40,5.75,scattered clouds
558,Sayyan,YE,15.1718,44.3244,54.23,13,9,3.67,clear sky
559,Eresos,GR,39.1667,25.9333,44.6,65,20,3.44,few clouds
560,Karauli,IN,26.5,77.0167,73.4,30,0,0.63,clear sky
561,Liepaja,LV,56.5419,21.0367,39.2,70,75,5.75,broken clouds
562,Khasan,RU,42.4308,130.6434,39.94,92,100,1.99,overcast clouds
563,Pemberton,CA,50.3164,-122.8027,44.6,61,90,2.3,overcast clouds
564,Pangnirtung,CA,66.1451,-65.7125,-23.3,85,22,5.82,few clouds
565,Fort Nelson,CA,58.8053,-122.7002,39.2,52,75,8.05,broken clouds
566,Akdagmadeni,TR,39.6603,35.8836,25.48,93,99,10.67,light snow
567,Fayaoue,NC,-20.65,166.5333,80.22,70,30,10.0,scattered clouds
568,Ekibastuz,KZ,51.6667,75.3667,23.85,88,100,7.67,overcast clouds
569,Monzon,ES,41.9108,0.1941,55.0,87,0,4.61,clear sky
570,Yarada,IN,17.65,83.2667,79.11,67,31,3.69,scattered clouds
571,Brae,GB,60.3964,-1.353,41.0,81,90,11.5,overcast clouds
572,Surman,LY,32.7567,12.5716,55.94,57,0,7.83,clear sky
573,Kemijarvi,FI,66.7131,27.4306,30.06,95,98,7.65,overcast clouds
574,Alpoyeca,MX,17.6667,-98.5167,86.99,25,21,10.47,few clouds
575,Potosi,BO,-19.5836,-65.7531,44.22,80,91,4.41,overcast clouds
576,Yongan,CN,39.6957,113.6871,47.1,73,9,2.44,clear sky
577,Butajira,ET,8.1167,38.3667,57.51,30,13,6.78,few clouds
578,Luwuk,ID,-0.9516,122.7875,76.05,95,100,3.15,overcast clouds
579,Yulara,AU,-25.2406,130.9889,77.0,61,40,3.44,scattered clouds
580,Loreto,MX,22.2667,-101.9667,77.63,5,99,10.65,overcast clouds
581,Santo Antonio Do Monte,BR,-20.0872,-45.2936,67.87,80,74,3.89,broken clouds
582,Olinda,BR,-8.0089,-34.8553,78.8,78,40,4.61,scattered clouds
583,Romny,UA,50.751,33.4747,36.99,95,100,6.33,overcast clouds
584,Vostok,RU,46.4856,135.8833,34.97,75,100,3.65,snow
585,Kasulu,TZ,-4.5767,30.1025,68.0,100,75,4.68,drizzle
586,North Platte,US,41.1239,-100.7654,46.4,81,90,9.22,overcast clouds
587,Oxapampa,PE,-10.5775,-75.4017,61.75,93,91,1.19,overcast clouds
588,Kalabo,ZM,-14.97,22.6814,68.22,87,98,4.59,moderate rain
589,Aurora,US,39.7294,-104.8319,46.99,49,75,3.22,broken clouds
590,Hofn,IS,64.2539,-15.2082,18.45,65,94,19.08,overcast clouds
591,Zamora,EC,-4.0692,-78.9567,69.4,97,80,1.43,light rain
592,Cabedelo,BR,-6.9811,-34.8339,75.2,100,75,5.75,light rain
593,Asau,RO,46.4333,26.4,34.0,61,15,4.72,light snow
594,Kysyl-Syr,RU,63.8986,122.7617,14.2,96,90,4.09,overcast clouds
595,Vezirkopru,TR,41.1436,35.4547,33.8,86,75,2.82,light snow
596,Xining,CN,36.6167,101.7667,38.43,56,44,1.16,scattered clouds
597,Mayor Pablo Lagerenza,PY,-19.9309,-60.7718,81.05,59,45,5.59,scattered clouds
598,Rockland,US,41.1668,-74.0496,66.2,37,1,17.27,clear sky
599,Sechura,PE,-5.5569,-80.8222,77.0,62,20,16.49,few clouds
600,Sambava,MG,-14.2667,50.1667,76.46,91,100,3.98,overcast clouds
601,San Quintin,MX,30.4833,-115.95,57.9,61,15,16.02,few clouds
602,Koumac,NC,-20.5667,164.2833,83.68,62,2,4.7,clear sky
603,Soubre,CI,5.7856,-6.6083,75.0,92,37,4.05,scattered clouds
604,Gazojak,TM,41.1875,61.4036,53.62,58,52,8.7,broken clouds
605,Nizhnyaya Poyma,RU,56.1622,97.1933,24.94,90,100,8.72,overcast clouds
606,Plumbon,ID,-6.705,108.4728,79.48,82,98,2.1,moderate rain
607,Santiago Del Estero,AR,-27.7951,-64.2615,64.87,69,100,16.17,overcast clouds
608,Maiduguri,NG,11.8464,13.1603,75.33,24,98,9.1,overcast clouds
609,Taoudenni,ML,22.6783,-3.9836,72.39,8,4,12.5,clear sky
610,Ironton,US,38.5368,-82.6829,66.2,52,20,3.85,few clouds
611,Waipawa,NZ,-41.4122,175.5153,69.8,64,40,16.11,scattered clouds
612,Mihijam,IN,23.8526,86.8788,73.74,10,0,6.31,clear sky
613,Williamsburg,US,37.2707,-76.7075,80.6,28,1,9.22,clear sky
614,Ayan,RU,56.45,138.1667,11.82,86,63,4.92,broken clouds
615,Wilmington,US,34.2257,-77.9447,72.0,83,1,6.91,clear sky
616,Sorong,ID,-0.8833,131.25,81.14,82,93,3.38,overcast clouds
617,La Palma,US,33.8464,-118.0467,66.99,55,1,14.97,clear sky
618,Bilma,NE,18.6853,12.9164,66.25,20,0,17.34,clear sky
619,Ostersund,SE,63.1792,14.6357,39.2,81,75,13.8,broken clouds
620,Tautira,PF,-17.7333,-149.15,82.4,69,40,11.5,light rain
621,Sulya,IN,12.5667,75.3833,80.6,89,20,4.61,few clouds
622,Taunggyi,MM,20.7833,97.0333,62.37,50,28,1.45,scattered clouds
623,Sept-Iles,CA,50.2001,-66.3821,30.99,51,75,11.5,broken clouds
624,Yuanping,CN,38.7153,112.7575,49.05,71,70,0.83,broken clouds
625,Teknaf,BD,20.8624,92.3058,74.59,42,10,5.46,clear sky
626,Vossevangen,NO,60.623,6.4229,42.01,93,100,1.01,light rain
627,Ilabaya,PE,-17.4208,-70.5133,66.47,73,79,2.71,broken clouds
628,Bam,IR,29.106,58.357,75.74,21,1,8.81,clear sky
629,Tripoli,LY,32.8752,13.1875,56.59,60,0,9.53,clear sky
630,Constitucion,CL,-35.3333,-72.4167,57.94,74,0,11.7,clear sky
631,Raudeberg,NO,61.9875,5.1352,39.99,94,100,21.74,overcast clouds
632,Nantucket,US,41.2835,-70.0995,50.0,100,90,23.02,fog
633,Muriwai Beach,NZ,-36.8167,174.45,73.99,61,67,4.0,broken clouds
634,Marsa Matruh,EG,31.3525,27.2453,53.6,50,40,6.91,scattered clouds
635,Ovalle,CL,-30.5983,-71.2003,71.22,35,0,3.15,clear sky
636,Fez,MA,34.0372,-4.9998,50.0,81,0,5.75,clear sky
637,Poum,NC,-20.2333,164.0167,80.98,69,4,7.92,clear sky
638,Mitsamiouli,KM,-11.3847,43.2844,82.2,75,3,5.46,clear sky
639,Rianxo,ES,42.6498,-8.8176,43.0,91,52,6.91,broken clouds
640,Batticaloa,LK,7.7102,81.6924,79.41,84,100,2.19,moderate rain
641,Maniitsoq,GL,65.4167,-52.9,-9.22,73,72,10.87,broken clouds
642,Buckeye,US,33.3703,-112.5838,68.0,30,92,8.05,overcast clouds
643,Tucuman,AR,-26.8241,-65.2226,64.4,94,90,10.36,heavy intensity drizzle
644,Kathmandu,NP,27.7167,85.3167,53.6,71,20,2.3,mist
645,Zhaotong,CN,27.3167,103.7167,45.95,77,96,4.23,overcast clouds
646,Pitimbu,BR,-7.4706,-34.8086,75.2,100,75,5.75,broken clouds
647,Buraydah,SA,26.326,43.975,71.6,35,1,16.11,clear sky
648,Haapiti,PF,-17.5667,-149.8667,82.4,69,40,11.5,light rain
649,Karak,JO,31.1667,35.75,42.8,75,40,8.05,scattered clouds
650,Mbandaka,CD,0.0487,18.2603,69.51,95,86,2.89,overcast clouds
651,Xihe,CN,31.6864,113.4659,56.32,86,26,2.95,scattered clouds
652,Northam,GB,51.0333,-4.2167,46.0,80,92,14.0,overcast clouds
653,Plymouth,US,41.8334,-70.8328,55.99,88,1,16.11,clear sky
654,Mahibadhoo,MV,3.7833,72.9667,82.44,74,100,13.38,light rain
655,Sajanan,TN,37.0573,9.2426,64.4,36,20,3.44,few clouds
656,Tirano,IT,46.2154,10.1679,50.0,61,100,1.07,overcast clouds
657,Cubuk,TR,40.2386,33.0322,30.2,86,75,9.22,light snow
658,Novoagansk,RU,61.9449,76.6625,31.68,97,100,9.04,light snow
659,Kieta,PG,-6.2167,155.6333,83.17,78,99,7.36,moderate rain
660,San Jose,US,37.3394,-121.895,72.0,21,1,11.5,clear sky
661,Miyako,JP,39.6367,141.9525,45.07,58,69,3.27,broken clouds
662,Baker City,US,44.7749,-117.8344,51.8,37,75,11.5,broken clouds
